word,pos,definition
il,article,the
essere,verb,to be
di,preposition,of
uno,article,a
e,conjunction,and
in,preposition,in
a,preposition,"a, at, in, to, by, on"
avere,verb,to have
per,preposition,for
non,adverb,not
si,pronoun,"itself, herself, himself"
ma,conjunction,but
da,preposition,from
con,preposition,with
lo,pronoun,"him, it"
anche,adverb,also
questo,determiner,this
tutto,pronoun,everything
fare,verb,to do
che,pronoun,"that, who, which"
ci,pronoun,"us, it"
come,preposition,"as, like"
più,adverb,more
due,numeral,two
ora,adverb,now
solo,adverb,"only, alone"
ancora,adverb,still
suo,determiner,his
poi,adverb,then
cosa,pronoun,what
molto,adverb,very much
nuovo,adjective,new
altro,adjective,another
su,preposition,on
potere,verb,"can, be able to"
primo,adjective,first
oggi,adverb,today
così,adverb,"so, like this"
andare,verb,to go
dovere,verb,"to have to, must"
mi,pronoun,me
anno,noun,year
venire,verb,to come
grande,adjective,big
tempo,noun,time
dire,verb,to say
arrivare,verb,to arrive
senza,preposition,without
nessuno,determiner,"nobody, anybody"
lavoro,noun,work
tra,preposition,between
o,conjunction,or
sempre,adverb,always
giorno,noun,day
problema,noun,problem
volere,verb,to want
poco,adverb,little
dopo,preposition,after
italiano,adjective,Italian
perché,conjunction,why
bene,adverb,well
stare,verb,to stay
contro,preposition,against
già,adverb,already
invece,adverb,instead
qui,adverb,here
Roma,proper noun,Rome
quindi,adverb,so
parlare,verb,to speak
tre,numeral,three
parte,noun,part
euro,noun,euro
casa,noun,"house, home"
quello,pronoun,that
punto,noun,point
presidente,noun,president
governo,noun,government
tornare,verb,to return
via,noun,street
restare,verb,to remain
sembrare,verb,to seem
secondo,adjective,second
squadra,noun,team
caso,noun,"coincidence, instance"
vedere,verb,to see
stesso,adjective,same
Italia,proper noun,Italy
quale,pronoun,which
tanto,determiner,so much
risultato,noun,result
mai,adverb,never
insomma,adverb,in short
però,adverb,but
niente,pronoun,nothing
mercato,noun,market
comunque,adverb,"anyhow, anyway"
continuare,verb,to continue
situazione,noun,situation
dunque,adverb,"so, therfore"
nostro,determiner,our
finire,verb,to finish
diverso,adjective,different
loro,determiner,their
vero,adjective,true
parola,noun,word
fine,noun,end
momento,noun,moment
rimanere,verb,to stay
forse,adverb,perhaps
proprio,adverb,"exactly, precisely"
buono,adjective,good
storia,noun,history
cambiare,verb,to exchange
partita,noun,match
calcio,noun,"soccer, kick, calcium"
mio,pronoun,my
riferire,verb,"to report, to tell"
chi,pronoun,who
adesso,adverb,now
uomo,noun,man
notizia,noun,news
persona,noun,person
annunciare,verb,to announce
troppo,adverb,too much
prossimo,adjective,next
io,pronoun,I
donna,noun,woman
dare,verb,to give
prevedere,verb,to foresee
città,noun,city
mondo,noun,world
posto,noun,place
futuro,noun,the future
vita,noun,life
giovane,noun,young person
trovare,verb,to find
vincere,verb,to win
bello,adjective,nice
davvero,adverb,really
ecco,adverb,"here, there"
perdere,verb,to lose
chiedere,verb,to ask
pubblico,adjective,public
strada,noun,street
polizia,noun,police
domani,adverb,tomorrow
campo,noun,field
ultimo,adjective,last
gruppo,noun,group
milione,numeral,million
chiudere,verb,to close
pensare,verb,to think
qualche,determiner,"some, a few, any"
allora,adverb,so
gara,noun,competition
finale,noun,final
politico,adjective,political
consiglio,noun,advice
centro,noun,center
diventare,verb,to become
se,conjunction,if
ogni,determiner,every
quanto,pronoun,"how much, how many"
mese,noun,month
ieri,adverb,yesterday
intanto,adverb,in the meantime
trattare,verb,to deal with
gol,noun,goal
noi,pronoun,we
società,noun,society
Milano,proper noun,Milan
passare,verb,to pass
sotto,preposition,under
questione,noun,question
giornata,noun,day
ministro,noun,minister
quattro,numeral,four
prendere,verb,to take
volta,noun,time
carabiniere,noun,carabiniere
gioco,noun,game
prima,adverb,before
cominciare,verb,to start
soprattutto,adverb,"especially, above all"
famiglia,noun,family
progetto,noun,project
no,adverb,no
numero,noun,number
settimana,noun,week
risposta,noun,reply
meglio,adverb,better
scuola,noun,school
lui,pronoun,he
importante,adjective,important
subito,adverb,immediately
prezzo,noun,price
difficile,adjective,hard
nulla,pronoun,nothing
paese,noun,country
comune,noun,"city hall, town hall"
programma,noun,program
quasi,adverb,almost
sapere,verb,to know
bisognare,verb,it is necessary to
servizio,noun,service
dove,adverb,where
titolo,noun,title
nome,noun,name
giocatore,noun,player
stato,noun,state
colpo,noun,blow
sindaco,noun,mayor
almeno,adverb,at least
mancare,verb,to be missing
nazionale,adjective,national
vittima,noun,victim
certo,adverb,of course
europeo,adjective,European
vittoria,noun,victory
sicurezza,noun,safety
fatto,noun,fact
iniziare,verb,"to begin, to start"
alcuno,determiner,"not any, no"
dato,noun,"figure, data"
domenica,noun,Sunday
crisi,noun,crisis
avvenire,verb,"to happen, future"
positivo,adjective,positive
bastare,verb,"to suffice, to be enough"
ragazzo,noun,boy
sito,noun,site
rischio,noun,risk
giocare,verb,to play
stagione,noun,season
verso,preposition,toward
lungo,adjective,long
scelta,noun,choice
guerra,noun,war
confermare,verb,to confirm
condizione,noun,condition
Napoli,proper noun,Naples
resto,noun,rest
rete,noun,net
morire,verb,to die
terzo,adjective,third
sì,interjection,yes
piazza,noun,"square, plaza"
piccolo,adjective,small
aperto,adjective,open
decisione,noun,decision
incontro,noun,meeting
corso,noun,course
musica,noun,music
indagine,noun,investigation
nota,noun,note
notte,noun,night
ferito,noun,wounded
polemica,noun,controversy
politica,noun,politics
sentire,verb,to feel
voto,noun,"vote, mark"
accordo,noun,agreement
chiaro,adjective,"clear, light"
noto,adjective,well-known
aspettare,verb,to wait
tecnico,adjective,technical
decidere,verb,to decide
pronto,adjective,ready
infine,adverb,in the end
bambino,noun,baby
legge,noun,law
ormai,adverb,at this point
lasciare,verb,to leave
ripresa,noun,"recovery, shooting"
forza,noun,force
piano,noun,plan
banca,noun,bank
cinque,numeral,five
circa,adverb,approximately
sperare,verb,to hope
partire,verb,to leave
nascere,verb,to be born
aprire,verb,to open
paura,noun,fear
fuori,adverb,out
regione,noun,region
miliardo,numeral,billion
attendere,verb,to wait for
partito,noun,party
incidente,noun,"incident, accident"
sei,numeral,six
avanti,adverb,forward
prova,noun,trial
chiamare,verb,to call
tifoso,noun,fan
lei,pronoun,she
figlio,noun,son
campionato,noun,championship
allenatore,noun,trainer
festa,noun,party
serata,noun,evening
forte,adjective,strong
presentare,verb,to present
meno,adverb,less
migliore,adjective,better
mano,noun,hand
giugno,noun,June
novità,noun,news
locale,adjective,local
esistere,verb,to exist
operazione,noun,operation
servire,verb,to serve
lavorare,verb,to work
attacco,noun,attack
possibile,adjective,possible
mezzo,noun,half
piacere,verb,to like
settembre,noun,September
libero,adjective,free
informazione,noun,information
sfida,noun,challenge
dubbio,noun,doubt
processo,noun,process
morto,noun,deceased
rendere,verb,to give back
minuto,noun,minute
obiettivo,noun,objective
esempio,noun,example
calo,noun,"decrease, drop"
motivo,noun,reason
male,adverb,badly
li,pronoun,them
rapporto,noun,report
difesa,noun,defence
protesta,noun,protest
spettacolo,noun,show
danno,noun,damage
auto,noun,car
posizione,noun,position
film,noun,movie
mettere,verb,to put
fonte,noun,source
oltre,adverb,beyond
ovviamente,adverb,obviously
provincia,noun,province
domanda,noun,question
intervento,noun,intervention
conto,noun,bill
quando,conjunction,when
maggio,noun,May
causa,noun,cause
testa,noun,head
controllo,noun,check
ragione,noun,reason
entrare,verb,to enter
vicenda,noun,event
ufficiale,adjective,official
ricerca,noun,"search, research"
giusto,adjective,right
cittadino,noun,citizen
sinistra,noun,left
vi,pronoun,you
conoscere,verb,to know
grave,adjective,serious
bilancio,noun,balance
anzi,conjunction,"actually, rather"
fino,preposition,until
unico,adjective,unique
gente,noun,people
cercare,verb,"to look for, to seek"
appuntamento,noun,appointment
alto,adjective,tall
portare,verb,to bring
contratto,noun,contract
ritorno,noun,return
credere,verb,to believe
azione,noun,action
fuoco,noun,fire
sindacato,noun,trade union
fondo,noun,bottom
particolare,noun,particular
maggiore,adjective,greater
costo,noun,cost
carcere,noun,prison
passo,noun,step
soluzione,noun,solution
attesa,noun,wait
pieno,adjective,full
sabato,noun,Saturday
allarme,noun,alarm
semplice,adjective,simple
riuscire,verb,to be able to
principale,adjective,principal
reazione,noun,reaction
linea,noun,line
fiducia,noun,trust
sogno,noun,dream
massimo,adjective,maximum
affermare,verb,to assert
pomeriggio,noun,afternoon
idea,noun,idea
zona,noun,area
ministero,noun,ministry
amico,noun,friend
crescita,noun,growth
scrivere,verb,to write
scontro,noun,"clash, crash"
soldi,noun,money
giudizio,noun,judgment
settore,noun,sector
dollaro,noun,dollar
sorpresa,noun,surprise
luglio,noun,July
diritto,noun,the right side
episodio,noun,episode
fermare,verb,to stop
duro,adjective,hard
sistema,noun,system
gennaio,noun,January
riportare,verb,"report, bring back"
quarto,adjective,fourth
inoltre,adverb,furthermore
azzurro,adjective,light blue
rispondere,verb,to answer
la,pronoun,"her, it"
inizio,noun,start
stampa,noun,press
rosso,adjective,red
entro,preposition,"by, within"
morte,noun,death
proposta,noun,proposal
maggioranza,noun,majority
ospedale,noun,hospital
ottobre,noun,October
discorso,noun,speech
realtà,noun,reality
vendita,noun,sale
scena,noun,scene
rialzo,noun,rise
arbitro,noun,referee
seguire,verb,to follow
valore,noun,value
commissione,noun,commission
uscire,verb,to go out
grazie,noun,thank you
infatti,adverb,indeed
modo,noun,way
crescere,verb,to grow
accadere,verb,to happen
scattare,verb,"shoot, take a picture"
aprile,noun,April
amore,noun,love
commento,noun,comment
indagare,verb,to investigate
arrivo,noun,arrival
panchina,noun,bench
vicino,adjective,near
medico,noun,doctor
economico,adjective,economic
marzo,noun,March
senso,noun,sense
manifestazione,noun,"expression, demonstration"
immagine,noun,image
serie,noun,series
pure,adverb,also
confronto,noun,comparison
scegliere,verb,to choose
fronte,noun,forehead
segno,noun,sign
fra,preposition,between
chiusura,noun,closure
interno,noun,"inside, interior"
corsa,noun,race
americano,adjective,American
arresto,noun,arrest
classifica,noun,"rank, chart"
registrare,verb,"to record, to register"
arrestare,verb,to stop
comunicare,verb,to communicate
fase,noun,phase
cambio,noun,exchange
richiesta,noun,request
chiesa,noun,church
generale,adjective,general
facile,adjective,easy
intervenire,verb,to intervene
riguardare,verb,"review, take care of yourself"
occhio,noun,eye
regola,noun,rule
formazione,noun,"education, development"
elettorale,adjective,electoral
presto,adverb,soon
ruolo,noun,role
corpo,noun,body
cuore,noun,heart
ordine,noun,order
nero,adjective,black
atto,noun,act
dicembre,noun,December
giro,noun,"turn, stroll"
libro,noun,book
piede,noun,foot
durare,verb,to last
dettaglio,noun,detail
violenza,noun,violence
termine,noun,end
traffico,noun,traffic
studio,noun,study
bisogno,noun,need
accusa,noun,accusation
partenza,noun,departure
errore,noun,mistake
proseguire,verb,to continue
agosto,noun,August
vivere,verb,to live
voce,noun,voice
scorso,adjective,last
pagina,noun,page
sera,noun,evening
guardare,verb,to watch
contrario,noun,contrary
tema,noun,theme
febbraio,noun,February
spesso,adverb,often
Europa,proper noun,Europe
denuncia,noun,complaint
spazio,noun,space
porta,noun,door
impresa,noun,"enterprise, endeavour"
verità,noun,truth
stop,noun,stop
naturalmente,adverb,naturally
presente,adjective,present
livello,noun,level
sentenza,noun,"verdict, judgment"
colore,noun,color
iniziativa,noun,initiative
base,noun,"base, fundamentals"
civile,adjective,civil
dieci,numeral,ten
cinema,noun,cinema
regionale,adjective,regional
elezione,noun,election
riprendere,verb,"get back, resume"
salire,verb,to go up
storico,adjective,historical
sport,noun,sport
vertice,noun,"vertex, summit"
silenzio,noun,silence
viaggio,noun,voyage
ti,pronoun,you
aumento,noun,increase
campione,noun,champion
rischiare,verb,to risk
analista,noun,analyst
entrambi,pronoun,both
coppia,noun,couple
negativo,adjective,negative
aumentare,verb,to increase
giornalista,noun,journalist
inchiesta,noun,investigation
provare,verb,to try
insieme,adverb,together
sicuramente,adverb,surely
vista,noun,view
novembre,noun,November
puntare,verb,"head towards, aim for"
denunciare,verb,to report
personale,adjective,personal
sette,numeral,seven
sviluppo,noun,development
soltanto,adverb,only
pace,noun,peace
versione,noun,version
foto,noun,photo
contare,verb,to count
colpa,noun,fault
lì,adverb,there
concerto,noun,concert
chiuso,adjective,closed
premio,noun,prize
leader,noun,leader
ottimo,adjective,"very good, great"
totale,adjective,total
me,pronoun,me
rispetto,noun,respect
Milan,proper noun,Milan
riforma,noun,reform
tensione,noun,tension
purtroppo,adverb,unfortunately
gratuito,adjective,free
capire,verb,to understand
breve,adjective,short
acqua,noun,water
funzionare,verb,to work
rigore,noun,"rigor, strictness"
tuttavia,conjunction,"but, however"
cultura,noun,culture
derby,noun,derby
occasione,noun,occasion
video,noun,video
attenzione,noun,attention
record,noun,record
spesa,noun,expense
capo,noun,head
protagonista,noun,main character
giallo,noun,yellow
battaglia,noun,battle
lista,noun,list
apparire,verb,to appear
testo,noun,text
segnale,noun,signal
leggere,verb,to read
doppio,adjective,double
quotidiano,noun,daily
giudice,noun,judge
durante,preposition,during
territorio,noun,territory
passato,noun,past
tedesco,adjective,German
pagare,verb,to pay
vecchio,adjective,old
direttore,noun,director
teatro,noun,theater
agente,noun,agent
differenza,noun,difference
internazionale,adjective,international
Parma,proper noun,Parma
francese,adjective,French
speranza,noun,hope
tuo,determiner,your
messaggio,noun,message
acquisto,noun,purchase
studente,noun,student
sciopero,noun,strike
padre,noun,father
portavoce,noun,spokeperson
premier,noun,premier
terra,noun,"soil, Earth"
completo,adjective,full
nemmeno,adverb,not even
appello,noun,appeal
disposizione,noun,disposal
lira,noun,lira
allenamento,noun,training
rivelare,verb,to reveal
provvedimento,noun,measure
qualità,noun,quality
sconfitta,noun,defeat
magari,adverb,"maybe, I wish!"
Torino,proper noun,Turin
carta,noun,paper
disponibile,adjective,available
tribunale,noun,court
responsabile,noun,person in charge
succedere,verb,"to happen, to succeed"
seguito,noun,"sequel, continuation"
pericolo,noun,danger
club,noun,club
azienda,noun,company
media,noun,average
emergenza,noun,emergency
spiegare,verb,to explain
capitale,noun,capital
luogo,noun,place
sociale,adjective,social
tipo,noun,"character, type, dude"
Lazio,proper noun,Lazio
candidato,noun,candidate
numeroso,adjective,numerous
ricorso,noun,appeal
otto,numeral,eight
cifra,noun,figure
stadio,noun,stadium
campagna,noun,countryside
estero,noun,abroad
addio,noun,goodbye
risultare,verb,"result in, turn out to be"
dichiarare,verb,to declare
tenere,verb,to hold
le,pronoun,"her, them"
battere,verb,to beat
parere,verb,"seem, appear"
Palermo,proper noun,Palermo
valere,verb,to be worth
modello,noun,model
luce,noun,light
toccare,verb,to touch
struttura,noun,structure
merito,noun,merit
sportivo,adjective,sports
vantaggio,noun,"advantage, benefit"
pubblicare,verb,to publish
tragedia,noun,tragedy
evento,noun,event
visita,noun,visit
dichiarazione,noun,declaration
bianco,adjective,white
forma,noun,form
scendere,verb,"to descend, to go down"
recuperare,verb,"to retrieve, to recover"
sede,noun,branch
comunicato,noun,public notice
misura,noun,measure
effetto,noun,effect
ragazza,noun,girl
ipotesi,noun,hypothesis
difficoltà,noun,difficulty
impegno,noun,commitment
mondiale,adjective,world
lontano,adjective,distant
inutile,adjective,useless
segretario,noun,secretary
vigile,noun,traffic warden
limite,noun,limit
opposizione,noun,opposition
pesante,adjective,heavy
attualmente,adverb,currently
lunedì,noun,Monday
pista,noun,track
ricordare,verb,to remember
mostra,noun,show
genitore,noun,parent
svolgere,verb,carry out
eppure,conjunction,"and yet, but yet"
stavolta,adverb,this time
presenza,noun,presence
militare,adjective,military
Paolo,proper noun,Paul
responsabilità,noun,responsibility
turno,noun,shift
mare,noun,sea
solidarietà,noun,solidarity
completamente,adverb,completely
periodo,noun,period
fenomeno,noun,phenomenon
durata,noun,duration
fondamentale,adjective,basic
tranquillo,adjective,calm
solito,noun,usual
serio,adjective,serious
raggiungere,verb,to reach
neanche,adverb,neither
partecipazione,noun,participation
risalire,verb,"date back to, go back up"
assolutamente,adverb,absolutely
aiuto,noun,help
esperienza,noun,experience
vario,adjective,varied
giovedì,noun,Thursday
occorrere,verb,to be required
trattativa,noun,negotiation
finora,adverb,till now
fissare,verb,"set, fixate on, secure"
opera,noun,"endeavour, opera"
mattina,noun,morning
Natale,proper noun,Christmas
debole,adjective,weak
concludere,verb,to conclude
sbagliare,verb,to make a mistake
area,noun,area
terminare,verb,to end
veramente,adverb,truly
interessante,adjective,interesting
ce,pronoun,"us, to us"
perfetto,adjective,perfect
lotta,noun,struggle
finanziario,adjective,financial
dietro,adverb,behind
borsa,noun,bag
compagnia,noun,company
documento,noun,document
giunta,noun,council
centrale,adjective,central
aria,noun,air
precedente,adjective,previous
pioggia,noun,rain
affidare,verb,to entrust
critica,noun,criticism
straordinario,adjective,"extraordinary, overtime"
correre,verb,to run
passione,noun,passion
privato,adjective,private
bloccare,verb,to block
faccia,noun,face
segnare,verb,to mark
accettare,verb,to accept
esperto,noun,expert
fermo,adjective,fixed
appunto,adverb,precisely
colpire,verb,to hit
avvio,noun,start
segreto,noun,secret
ufficio,noun,office
usare,verb,to use
scoprire,verb,discover
macchina,noun,machine
destra,noun,right
decisivo,adjective,decisive
taglio,noun,cut
giustizia,noun,justice
immigrato,noun,immigrant
avversario,noun,opponent
previsione,noun,forecast
rappresentare,verb,to represent
dibattito,noun,debate
cedere,verb,to surrender
libertà,noun,freedom
ingresso,noun,entrance
produzione,noun,production
praticamente,adverb,practically
clima,noun,climate
sicuro,adjective,safe
migliorare,verb,to improve
sud,noun,south
metà,noun,half
difendere,verb,"to defend, to stick up for"
caldo,adjective,hot
cura,noun,cure
lanciare,verb,to launch
vostro,determiner,your
guadagnare,verb,to earn
falso,adjective,false
prodotto,noun,product
manovra,noun,"maneuvre, ploy"
speciale,adjective,special
offerta,noun,offer
giornale,noun,newspaper
cambiamento,noun,a change
rivoluzione,noun,revolution
parlamento,noun,parliament
caccia,noun,hunting
attività,noun,activity
replica,noun,reply
discussione,noun,discussion
emozione,noun,emotion
superare,verb,to exceed
soccorso,noun,rescue
necessario,adjective,necessary
svolta,noun,"turn, turning point"
repubblica,noun,republic
lavoratore,noun,worker
pericoloso,adjective,dangerous
probabilmente,adverb,probably
pareggio,noun,tie
impossibile,adjective,impossible
autorità,noun,authority
sostenere,verb,"support, maintain"
esterno,adjective,external
realizzare,verb,to achieve
data,noun,date
piuttosto,adverb,rather
televisione,noun,television
biglietto,noun,ticket
spagnolo,adjective,Spanish
ricevere,verb,to receive
capoluogo,noun,capital
ricordo,noun,memory
soddisfazione,noun,satisfaction
apertura,noun,opening
appena,adverb,"just, barely"
movimento,noun,movement
esame,noun,examination
riunione,noun,meeting
utile,adjective,useful
seduta,noun,sitting
accusare,verb,to accuse
altrimenti,adverb,otherwise
fuga,noun,escape
rifiuto,noun,rejection
fiamma,noun,flame
velocità,noun,speed
salute,noun,health
percorso,noun,path
match,noun,match
madre,noun,mother
volo,noun,flight
disagio,noun,discomfort
treno,noun,train
ritardo,noun,delay
raccontare,verb,to tell
fortuna,noun,luck
inglese,adjective,English
conseguenza,noun,consequence
ambiente,noun,environment
voi,pronoun,you
terremoto,noun,earthquake
lettera,noun,letter
porre,verb,"put, set, pay"
difensore,noun,defender
strategia,noun,strategy
sangue,noun,blood
carriera,noun,career
ritiro,noun,withdrawal
grosso,adjective,big
costare,verb,to cost
umano,adjective,human
conferma,noun,confirmation
conclusione,noun,conclusion
votare,verb,to vote
firma,noun,signature
sala,noun,room
finalmente,adverb,at last
creare,verb,to create
trasporto,noun,transport
considerare,verb,to consider
possibilità,noun,possibility
salvare,verb,to save
decisamente,adverb,decidedly
venerdì,noun,Friday
dimenticare,verb,to forget
vacanza,noun,vacation
centrosinistra,noun,center left
ottenere,verb,to obtain
partecipare,verb,to participate in
assoluto,adjective,absolute
investimento,noun,investment
vivo,adjective,live
direzione,noun,direction
arte,noun,art
tale,determiner,such
oro,noun,gold
camera,noun,room
relazione,noun,"relationship, link"
abbastanza,adverb,enough
zero,numeral,zero
stile,noun,style
preoccupazione,noun,worry
personaggio,noun,character
bravo,adjective,good at something
incredibile,adjective,incredible
quota,noun,amount
definitivo,adjective,"final, definitive"
mercoledì,noun,Wednesday
basso,adjective,low
categoria,noun,category
dolore,noun,ache
capitolo,noun,chapter
popolo,noun,people
effettuare,verb,to make
immediato,adjective,immediate
ulteriore,adjective,further
lezione,noun,lesson
furto,noun,theft
meritare,verb,to deserve
brutto,adjective,ugly
preparare,verb,to prepare
dipendere,verb,to depend
minimo,adjective,least
firmare,verb,to sign
strano,adjective,strange
interesse,noun,interest
peggio,noun,the worst part
nessun,determiner,"no, none"
neve,noun,snow
qualcuno,pronoun,someone
netto,adjective,net
felice,adjective,happy
miracolo,noun,miracle
democrazia,noun,democracy
ribasso,noun,depreciation
progresso,noun,progress
turismo,noun,tourism
rientrare,verb,"return, go/come back"
magistrato,noun,magistrate
contento,adjective,pleased
chilometro,noun,kilometer
guida,noun,guide
terreno,noun,ground
sereno,adjective,serene
reale,adjective,real
agenzia,noun,agency
contenuto,noun,content
guardia,noun,guard
passaggio,noun,passage
familiare,noun,relative
complesso,adjective,complex
memoria,noun,memory
offrire,verb,to offer
corte,noun,court
attaccante,noun,striker
prestazione,noun,performance
traccia,noun,trace
ospite,noun,guest
freddo,adjective,cold
dimissione,noun,discharge
moglie,noun,wife
affare,noun,"business, matter"
quadro,noun,"painting, picture"
interessare,verb,to interest
dialogo,noun,dialogue
gli,pronoun,"him, them"
approvare,verb,to approve
articolo,noun,article
ritrovare,verb,to find
estate,noun,summer
stazione,noun,station
attore,noun,actor
promozione,noun,promotion
palla,noun,ball
cliente,noun,customer
fratello,noun,brother
normale,adjective,normal
test,noun,test
sanità,noun,healthcare
parco,noun,park
popolazione,noun,population
dividere,verb,to divide
cinese,adjective,Chinese
angolo,noun,angle
porto,noun,port
segnalare,verb,"signal, point out"
presentazione,noun,presentation
straniero,adjective,foreign
mistero,noun,mystery
Firenze,proper noun,Florence
concorso,noun,"competitive exam, contest"
russo,adjective,Russian
vuoto,adjective,empty
genere,noun,"genre, gender"
giungere,verb,to come
ascoltare,verb,to listen
nord,noun,north
aspetto,noun,look
gestione,noun,management
pezzo,noun,piece
contatto,noun,contact
destino,noun,destiny
autore,noun,author
incontrare,verb,"to encounter, to meet"
dedicare,verb,to dedicate
decreto,noun,decree
attuale,adjective,current
regia,noun,direction
web,noun,web
pensione,noun,pension
scudetto,noun,championship
associazione,noun,association
riferimento,noun,reference
stasera,adverb,this evening
portiere,noun,doorman
palazzo,noun,building
gesto,noun,gesture
successivo,adjective,following
escludere,verb,to exclude
aiutare,verb,to help
amministrazione,noun,administration
critico,adjective,critical
tappa,noun,stage
smentire,verb,to deny
pensiero,noun,thought
concreto,adjective,concrete
mantenere,verb,to keep
organizzare,verb,to organize
prospettiva,noun,perspective
ripartire,verb,"to leave again, recover"
pilota,noun,pilot
ammontare,verb,amount to
superiore,adjective,superior
comunicazione,noun,communication
sequestrare,verb,"to confiscate, to seize"
salvezza,noun,salvation
neppure,adverb,"either, not even"
tassa,noun,tax
anziano,noun,an elderly
scenario,noun,"scenario, scenery"
democratico,adjective,democratic
quartiere,noun,district
né,conjunction,neither...nor
economia,noun,economy
ricco,adjective,rich
fiscale,adjective,financial
vincente,adjective,winning
centrocampo,noun,midfield
risorsa,noun,resource
cadere,verb,to fall
utilizzare,verb,to use
compagno,noun,companion
provinciale,adjective,provincial
moda,noun,fashion
scambio,noun,exchange
verde,adjective,green
Brasile,proper noun,Brazil
canzone,noun,song
rosa,noun,rose
Mario,proper noun,Mario
accertamento,noun,verification
quinto,adjective,fifth
mamma,noun,mom
signore,noun,"mister, sir"
chiarire,verb,to clarify
cielo,noun,sky
classico,adjective,classic
incendio,noun,fire
parlamentare,adjective,parliamentary
diretto,adjective,direct
intorno,adverb,around
evitare,verb,to avoid
industriale,adjective,industrial
amare,verb,to love
definire,verb,to define
dentro,adverb,inside
consumatore,noun,consumer
legale,adjective,"legal, lawful"
flessione,noun,"push-up, curve"
intero,adjective,entire
decina,noun,dozens
muro,noun,wall
stella,noun,a star
vendere,verb,to sell
convegno,noun,meeting
rispettare,verb,to respect
